{
  "id": "1855131",
  "name": "travel",
  "font_family": "iconfont",
  "css_prefix_text": "icon-",
  "description": "",
  "glyphs": [
    {
      "icon_id": "11487978",
      "name": "arrow-lift",
      "font_class": "arrow-lift",
      "unicode": "e743",
      "unicode_decimal": 59203
    },
    {
      "icon_id": "12011691",
      "name": "arrow-down",
      "font_class": "arrow-down",
      "unicode": "e7b2",
      "unicode_decimal": 59314
    },
    {
      "icon_id": "12011697",
      "name": "search",
      "font_class": "search",
      "unicode": "e7b3",
      "unicode_decimal": 59315
    }
  ]
}
